Pharmee,72e20d5594ccc8e4,29,ok
Pharmee,c2312136869e8289,89,ok
Pharmee,5216888e335ab5c3,70,ok
Pharmee,7b768489dbb52fef,33,ok
Pharmee,558a1178462c837b,86,ok
Pharmee,281a1e5b8ca83c3f,85,ok
Pharmee,3a47421ce2e66b6e,40,ok
Pharmee,07b6df098219de83,84,ok
Pharmee,e8436f50b6bcf22f,55,ok
Pharmee,0f1738d7e2269be3,17,ok
Pharmee,8e3077c9b6725f6e,85,ok
Pharmee,3d29d08cb959235d,57,ok
Pharmee,ed4c1b48de0ff5bc,91,ok
Pharmee,f3d61d27996345b9,29,ok
Pharmee,d6f3dbfaa54eb078,84,ok
Pharmee,fe2d8265692317be,92,ok
Pharmee,addd439688fdb0c1,83,ok
Pharmee,ca31d3ad6b9d85b2,82,ok
Pharmee,20e67d192b85e5ef,31,ok
Pharmee,dc9cd7d7d26177b0,85,ok
Pharmee,765d227e4c49e451,88,ok
Pharmee,918189182d7302ae,84,ok
Pharmee,e00b85d049f9bd57,97,ok
Pharmee,b60749bb4d323d2d,34,ok
Pharmee,71e3dc704e6b9af6,109,ok
Pharmee,8de695b492b851a3,92,ok
Pharmee,fb2ff22879c57efa,75,ok
Pharmee,eaa080397db1e6d5,84,ok
Pharmee,cbc5f0585e897b31,42,ok
Pharmee,eb7a9243ee3acfe3,98,ok
Pharmee,5a1d8e3ebae81506,82,ok
Pharmee,b7c77a4e7080492b,61,ok
Pharmee,35fec635bd79026f,90,ok
Pharmee,730f117ba40e28bd,32,ok
Pharmee,ae5334e45c8306b5,93,ok
Pharmee,7212cec9513e7782,94,ok
Pharmee,9f37fe6ccfa313dd,87,ok
Pharmee,8676929a9cc0942f,92,ok
Pharmee,9a3e636e9cbcc06e,45,ok
Pharmee,dd215dc2a5d81eb3,132,ok
Pharmee,8ac0e97c8b11dad4,96,ok
Pharmee,22126914428ed10b,88,ok
Pharmee,988b8b32dc0bc6d1,56,ok
Pharmee,079c4670f21a0e9b,57,ok
Pharmee,2f4a3a9f11d7d8ca,85,ok
Pharmee,4671c887823ddb15,103,ok
Pharmee,df364420cabf1ce4,67,ok
Pharmee,786817495e10e519,44,ok
Pharmee,17406a6846847fe3,56,ok
Pharmee,85f70e1baa53086e,63,ok
Pharmee,b32e8596afe1cfeb,56,ok
Pharmee,93bef68b7e68bb91,93,ok
Pharmee,c369acd3daf42fae,33,ok
Pharmee,0638af2f444db67f,91,ok
Pharmee,21accf611a82c903,80,ok
Pharmee,5df2f1875881ed35,81,ok
